78405,10014,ATTACAGGCGTGAGCCAC
78233,127929,GTGATTCTCCTGCCTCAG
77627,127929,GTGATTCTCCTGCCTCAG
61593,88100,AGGCTGAGGCAGGAAGAT
61592,88099,GAGGCTGAGGCAGGAAGA
60585,48345,GTTTGTTTGTTTGTTTTT
57045,10015,TTACAGGCGTGAGCCACC
57044,10014,ATTACAGGCGTGAGCCAC
48533,104312,GAGACCCTGTCTCAAAAA
48532,104311,TGAGACCCTGTCTCAAAA
45784,54749,ACCACCACACCCAGCTAA
45783,54748,CACCACCACACCCAGCTA
45302,87436,TTAGCCAGGCATGGTGGC
34164,104312,GAGACCCTGTCTCAAAAA
34163,104311,TGAGACCCTGTCTCAAAA
22756,10015,TTACAGGCGTGAGCCACC
22755,10014,ATTACAGGCGTGAGCCAC
22351,94844,TTTTTTTTTTTTTTTTTA
21161,10014,ATTACAGGCGTGAGCCAC
2610,153137,GCCAGGCATGGTGGCACA
998,104312,GAGACCCTGTCTCAAAAA
365,10014,ATTACAGGCGTGAGCCAC
